Symbol,Desc,insCode,insID,groupCode
وسپهر,سرمايه گذاري مالي سپهرصادرات,114312662654155,IRO3SAIZ0001,56 
شصدف,صنعتي دوده فام,204092872752957,IRO3SDFZ0001,44 
فسا,پتروشيمي فسا,318005355896147,IRO7PFSP0001,44 
فرآور,فرآوري‌موادمعدني‌ايران‌,408934423224097,IRO1FRVR0001,27 
وآفري,بيمه كارآفرين,589599697502308,IRO1KARP0001,66 
سبزوا,سيمان لار سبزوار,611986653700161,IRO3SBZZ0001,53 
اپال,فرآوري معدني اپال كاني پارس,655060129740445,IRO1OPAL0001,13 
وبملت,بانك ملت,778253364357513,IRO1BMLT0001,57 
لپيام,گسترش صنايع پيام,793710053482057,IRO7PYAP0001,32 
ثنام,س ساختماني ب نام آوران مهندسي,831325835570803,IRO7CNAP0001,70 
حپارسا,توسعه حمل و نقل ريلي پارسيان,917857106093847,IRO3HPRZ0001,60 
شگامرن,مجتمع پترو صنعت گامرون,1050751214677134,IRO5PSGS0001,44 
تجلي,تجلي توسعه معادن و فلزات,1301069819790264,IRO3TMMZ0001,13 
وآذر,سرمايه‌گذاري‌توسعه‌آذربايجان‌,1358190916156744,IRO1TAZB0001,70 
حسينا,توسعه خدمات دريايي وبندري سينا,1625149423498289,IRO3SMBZ0001,60 
كلر,كلر پارس,1822787329898392,IRO3CHPZ0001,44 
غدام,خوراك‌  دام‌ پارس‌,2254054929817435,IRO1KDPS0001,42 
خصدرا,صنعتي‌ دريايي‌ ايران‌,2318736941376687,IRO7SDRP0001,45 
وسپه,سرمايه‌گذاري‌ سپه‌,2328862017676109,IRO1SPAH0001,56 
شستا,سرمايه گذاري تامين اجتماعي,2400322364771558,IRO1TAMN0001,39 
غدشت,دشت‌ مرغاب‌,2434703913394836,IRO1DMOR0001,42 
خزاميا,زامياد,2589887561569709,IRO1ZMYD0001,34 
وتوصا,گروه س توسعه صنعتي ايران,2944500421562364,IRO1TOSA0001,56 
قنقش,قند نقش جهان,3050342257199174,IRO7NJSP0001,38 
وايران,ليزينگ ايرانيان,3149396562827132,IRO1LIRZ0001,58 
شستان,پتروشيمي گلستان,3173544097113770,IRO7STNP0001,44 
شاروم,پتروشيمي اروميه,3407806799514469,IRO3URPZ0001,44 
غديس,پاكديس,3492952121304423,IRO3PKDZ0001,42 
شوينده,مديريت صنعت شوينده ت.ص.بهشهر,3493306453706327,IRO1SHOY0001,44 
كدما,معدني‌ دماوند,3623921205367364,IRO1DMVN0001,13 
تكنو,تكنوتار,3654864906585643,IRO1TKNO0001,29 
تپسي,پيشگامان فن آوري و دانش آراميس,3839324986781871,IRO3TASZ0001,72 
ثمسكن,سرمايه‌گذاري‌ مسكن‌,3863538898378476,IRO1MSKN0001,70 
وطوبي,سرمايه گذاري اقتصاد شهر طوبي,3955332316338258,IRO3TOIZ0001,56 
فبستم,صنايع ‌بسته‌بندي‌ مشهد,4159532151694984,IRO7FBSP0001,28 
مفاخر,توسعه فناوري اطلاعات خوارزمي,4247709727327181,IRO3KARZ0001,72 
قيستو,شركت قند بيستون,4267564158935326,IRO7BSOP0001,38 
غزر,صنعتي زر ماكارون,4369934250728330,IRO1ZARM0001,42 
دلر,داروسازي‌ اكسير,4384288570322406,IRO1EXIR0001,43 
سخاش,سيمان‌خاش‌,4470657233334072,IRO1SKHS0001,53 
زماهان,مجتمع توليد گوشت مرغ ماهان,4507558419857064,IRO3MACZ0001,01 
سفانو,سيمان فارس نو,4528607775462304,IRO1SFNO0001,53 
ساراب,سيمان‌ داراب‌,4563413583000719,IRO1SDAB0001,53 
شستا2,سرمايه گذاري تامين اجتماعي,4585123877892473,IRO1TAMN0002,39 
كسرا,سراميك‌هاي‌صنعتي‌اردكان‌,4614779520007780,IRO1ARDK0001,54 
سفارود,كارخانه فارسيت درود,4686607974846832,IRO7SFAP0001,54 
فخاس,فولاد خراسان,4733285133017464,IRO1FKAS0001,27 
خپويش,سازه‌ پويش‌,4758266259250794,IRO1SZPO0001,34 
كاما,باما,4942127026063388,IRO1BAMA0001,13 
زمگسا,كشاورزي‌ ودامپروي‌ مگسال‌,5054819322815158,IRO1MAGS0001,01 
وحافظ,بيمه حافظ,5128151910501174,IRO7HFZP0001,66 
لپارس,پارس‌ الكتريك‌,5187018329202415,IRO1PELC0001,32 
داوه,داروسازي آوه سينا,5305844922895340,IRO3AVLZ0001,43 
هجرت,پخش هجرت,5317427172344706,IRO3HEDZ0001,43 
زفكا,كشت و دامداري فكا,5427792638736934,IRO3FAAZ0001,01 
غمينو,شركت صنايع غذايي مينو شرق,5516102131364383,IRO3MNOZ0001,42 
حريل,ريل پردازسير,5564768007356822,IRO3HRLZ0001,60 
بخاور,بيمه زندگي خاورميانه,5599691633622269,IRO3MLIZ0001,66 
دسبحان,سبحان دارو,5866848234665627,IRO1DSBH0001,43 
وتعاون,بيمه تعاون,5920901446678689,IRO3TAVZ0001,66 
شگويا,پتروشيمي تندگويان,5987841496184505,IRO3TPEZ0001,44 
ثشرق,سرمايه گذاري مسكن شمال شرق,6043384171800349,IRO1PMSZ0001,70 
پارس,پتروشيمي پارس,6110133418282108,IRO1PARS0001,44 
شجم,صنايع پتروشيمي تخت جمشيد,6116572045021585,IRO3TJPZ0001,44 
غمهرا,توليدي‌مهرام‌,6131290133202745,IRO1MRAM0001,42 
خعمرا,توسعه و عمران شهرستان نائين,6433335428452486,IRO7TONP0001,34 
آريان,سرمايه گذاري پارس آريان,6506179926371994,IRO7PAIP0001,56 
سشمال,سيمان‌ شمال‌,6757220448540984,IRO1SIMS0001,53 
ومعلم,بيمه معلم,6847536925606808,IRO3MOIZ0001,66 
وپخش,داروپخش‌ (هلدينگ‌,7183333492448248,IRO1DARO0001,43 
پكوير,كوير تاير,7235435095059069,IRO1KVRZ0001,25 
زكشت,كشاورزي مكانيزه اصفهان كشت,7300125658580126,IRO3IKAZ0001,01 
ورنا,سرمايه‌گذاري‌ رنا(هلدينگ‌,7385624172574740,IRO1RENA0001,34 
وخارزم,سرمايه گذاري خوارزمي,7395271748414592,IRO1IKHR0001,56 
خمحور,توليدمحورخودرو,7457232989848872,IRO1TMKH0001,34 
خاهن,آهنگري‌ تراكتورسازي‌ ايران‌,7483280423474368,IRO1ATIR0001,34 
ثاصفا,شركت‌ ساختمان‌ اصفهان‌,7503669593172728,IRO7SESP0001,70 
ممسني,پتروشيمي ممسني,7505990056227818,IRO7PMMP0001,44 
بكهنوج,توليد برق ماهتاب كهنوج,7628308021169118,IRO3KAHZ0001,40 
شاراك,پتروشيمي شازند,7711282667602555,IRO1PARK0001,44 
شپنا,پالايش نفت اصفهان,7745894403636165,IRO1PNES0001,23 
وگردش,بانك گردشگري,7920014658832193,IRO7GRDZ0001,57 
فزر,پويا زركان آق دره,8175784894140974,IRO3PZAZ0001,13 
غدانه,پنبه و دانه هاي روغني خراسان,8234855558996646,IRO3KCOZ0001,42 
بالاس,مهندسي ساختمان تاسيسات راه آهن,8646067353086740,IRO3BLSZ0001,45 
فگستر,گسترش صنايع روي ايرانيان,8725363201030474,IRO3IZIZ0001,27 
دزهراوي,داروسازي‌زهراوي‌,8915450910866216,IRO1DZAH0001,43 
كطبس,ذغال‌سنگ‌ نگين‌ ط‌بس‌,8977369674477111,IRO1TBAS0001,10 
فسپا,گروه‌صنعتي‌سپاهان‌,8977441217024425,IRO1SEPA0001,27 
شهر,گروه مالي شهر,9098178887955847,IRO1GMSH0001,56 
وايرا,سرمايه گذاري صنايع ايران,9141577977527107,IRO7VIRP0001,56 
پارسيان,بيمه پارسيان,9481703061634967,IRO1IPAR0001,66 
وپاسار,بانك  پاسارگاد,9536587154100457,IRO1BPAS0001,57 
كپارس,كاشي‌ پارس‌,9698674686691945,IRO1KPRS0001,49 
وشمال,س. چشم انداز توسعه شمال,9761381741308262,IRO7SHOP0001,56 
آبين,كشت و صنعت آبشيرين,9987529074833218,IRO7ABYP0001,01 
زگلدشت,كشت و دام گلدشت نمونه اصفهان,10024128313803797,IRO3GDSZ0001,01 
وملت,سرمايه گذاري ملت,10055255678920880,IRO7MIVP0001,56 
گدنا,تهيه توزيع غذاي دنا آفرين فدك,10114441830266109,IRO3DCAZ0001,55 
پسهند,صنايع‌ لاستيكي‌  سهند,10120557300120078,IRO1SHND0001,25 
سيتا,سرمايه گذاري سيمان تامين,10171945867136336,IRO1SITA0001,53 
انتخاب,گروه انتخاب الكترونيك آرمان,10236455588057352,IRO3EELZ0001,29 
ناما,توليدي مخازن گازطبيعي آسياناما,10411249540376641,IRO3NAMZ0001,34 
سصفها,سيمان‌اصفهان‌,10568944722570445,IRO1SEFH0001,53 
كابگن,توليدي و صنعتي آبگينه‌,10654052153538617,IRO7ABGP0001,54 
قاروم,قند اروميه,10831074117626896,IRO7GHUP0001,38 
نبروج,نساجي بروجرد,10843114830116591,IRO7BRTP0001,17 
تملت,تامين سرمايه بانك ملت,11129387075131725,IRO1TMLT0001,67 
وسكاب,س.ص.بازنشستگي كاركنان بانكها,11258722998911897,IRO1SKBV0001,56 
ولملت,واسپاري ملت,11403770140000603,IRO1VLMT0001,58 
دسينا,داروسازي‌ سينا,11432067920374603,IRO1DSIN0001,43 
وپسا,س. پتروشيمي ساختمان  خليج فارس,11560002870991149,IRO7PGIP0001,45 
شپاكسا,پاكسان‌,11622051128546106,IRO1PAKS0001,44 
وبيمه,سرمايه‌ گذاري‌ صنعت‌ بيمه‌,11773403764702778,IRO1BIME0001,56 
سرود,سيمان‌شاهرود,11964419322927535,IRO1SROD0001,53 
زنجان,صنايع كشاورزي وكود زنجان,12303918642491681,IRO7ZNJP0001,44 
چدن,توليدي چدن سازان,12329519546621752,IRO1CHDN0001,28 
داسوه,داروسازي‌ اسوه‌,12387472624849835,IRO1DOSE0001,43 
مديريت,س. و خدمات مديريت صند. ب كشوري,12490072956930435,IRO3ISMZ0001,56 
پخش,پخش البرز,12638840758449459,IRO3PKSH0001,43 
بهپاك,صنعتي بهپاك,12746730665870442,IRO3BHPZ0001,42 
خريخت,صنايع‌ريخته‌گري‌ايران‌,12752224677923341,IRO1RIIR0001,34 
وحكمت,بيمه حكمت صبا,12777578088653944,IRO7HSIP0001,66 
وپاسار2,بانك  پاسارگاد,12845457908500808,IRO1BPAS0002,57 
فسازان,غلتك سازان سپاهان,12874072841236826,IRO1FSAZ0001,27 
ولراز,ليزينگ رازي,12901875871456398,IRO7RAZP0001,58 
ثقزوي,شركت عمران و سازندگي قزوين,12965822877128721,IRO7QAZP0001,70 
سصوفي,سيمان‌ صوفيان‌,13227300125161435,IRO1SSOF0001,53 
زاگرس,پتروشيمي زاگرس,13235547361447092,IRO3PZGZ0001,44 
درهآور,دارويي ره آورد تامين,13243992182070788,IRO3RAPZ0001,43 
حسير,ريل سير كوثر,13281937213456378,IRO3RSKZ0001,60 
ملت,بيمه ملت,13611044044646901,IRO1BMEL0001,66 
وبشهر,توسعه‌ صنايع‌ بهشهر(هلدينگ,13937270451301973,IRO1TSBE0001,42 
شراز,پالايش نفت شيراز,14031158866706953,IRO1PRZZ0001,23 
شنفت,نفت‌ پارس‌,14073782708315535,IRO1NPRS0001,23 
اسياتك,انتقال داده هاي آسياتك,14079693677610396,IRO1ASTC0001,73 
سنير,سيمان‌ سفيد ني‌ريز,14231831499205396,IRO1SSNR0001,53 
غگلپا,شير پاستوريزه پگاه گلپايگان,14312030900097668,IRO3PGPZ0001,42 
قهكمت,قندهكمتان‌,14398278072324784,IRO1GHEG0001,38 
كيميا,ص. معدني كيمياي زنجان گستران,14427168056799610,IRO1KZGZ0001,27 
سيلام,سيمان‌ ايلام‌,14617104402836487,IRO1SEIL0001,53 
ثبهساز,بهساز كاشانه تهران,14744445176220774,IRO1BEKA0001,70 
زملارد,كشاورزي و دامپروري ملارد شير,14916489896692147,IRO3MAHZ0001,01 
خلنت,لنت‌ ترمزايران‌,14957056743925737,IRO1LENT0001,34 
دتهران‌,داروسازي‌ تهران‌ دارو,14985138705106402,IRO7THDP0001,43 
پرديس,سرمايه گذاري پرديس,15039949673085566,IRO1AYEG0001,56 
قزوين,كارخانجات‌ قند قزوين‌,15259343650667588,IRO1GGAZ0001,38 
شساخت,مهندسي و ساختمان صنايع نفت,15282093177363578,IRO7OECP0001,11 
دهدشت,صنايع پتروشيمي دهدشت,15374483986949695,IRO7PDHP0001,44 
سكرما,سيمان‌ كرمان‌,15472396110662150,IRO1SKER0001,53 
سفارس,سيمان فارس و خوزستان,15521712617204216,IRO1SFKZ0001,53 
ثعمرا,عمران و توسعه شاهد,15726796686853780,IRO3OSHZ0001,70 
ماديرا,صنايع ماديران,15917865009187760,IRO3IOMZ0001,26 
سكارون,سيمان كارون,15930821245168534,IRO7KACP0001,53 
ساروم,سيمان‌اروميه‌,15949743338644220,IRO1SURO0001,53 
كاريز,بيمه زندگي كاريزما50%تاديه,15962072736526551,IRO7CMIZ0001,66 
حپترو,حمل و نقل پتروشيمي( سهامي عام,16369313804633525,IRO1HJPT0001,60 
كخاك,صنايع‌خاك‌چيني‌ايران‌,16405556680571453,IRO1KCHI0001,54 
غفارس,شير پاستوريزه پگاه فارس,16410724132711490,IRO3GFRZ0001,42 
لطيف,محصولات كاغذي لطيف,16422980660132735,IRO3LPCZ0001,21 
خكاوه2,سايپا ديزل,16516751368572219,IRO7SDLP0002,34 
بميلا,توسعه سرمايه گذاري ميلاد پارس,16553062355259729,IRO7MILP0001,46 
درازي,پخش رازي,16567465928886309,IRO3PSRZ0001,43 
شفارا,پتروشيمي فارابي,16673205196919832,IRO7FAPP0001,44 
ثالوند,سرمايه گذاري مسكن الوند,16693610252404739,IRO3SLVZ0001,70 
كازرو,پتروشيمي كازرون,16777570760181431,IRO7PKZP0001,44 
شاملا,معدني‌ املاح‌  ايران‌,16959429956899455,IRO1AMLH0001,44 
غبهنوش,بهنوش‌ ايران‌,17059960254855208,IRO1BENN0001,42 
آواپارس,بيمه اتكايي آواي پارس70% تاديه,17232252152159494,IRO7AVPP0001,66 
واحيا,م .صنايع و معادن احياء سپاهان,17284166795866794,IRO7VHYP0001,56 
خمهر,مهركام‌پارس‌,17330546482145553,IRO1MHKM0001,34 
وتوسم,سرمايه‌گذاري‌توسعه‌ملي‌,17528249960294496,IRO1TMEL0001,56 
آ س پ,آ.س.پ,17617474823279712,IRO3ASPZ0001,70 
ثاخت,بين‌المللي‌توسعه‌ساختمان,17800036702302776,IRO1BSTE0001,70 
خنصير,مهندسي‌نصيرماشين‌,17834623106317041,IRO1MNSR0001,34 
ثغرب,شركت سرمايه گذاري مسكن شمالغرب,17939384202383793,IRO3CGRZ0001,70 
فمراد,آلومراد,18004480270695404,IRO1ALMR0001,27 
كچاد,معدني‌وصنعتي‌چادرملو,18027801615184692,IRO1CHML0001,13 
وبهمن,سرمايه‌گذاري‌بهمن‌,18063426072758458,IRO1SBAH0001,56 
دتوليد,داروسازي توليد دارو,18093681647131179,IRO3DTDZ0001,43 
دفرا,فرآورده‌هاي‌ تزريقي‌ ايران‌,18303237082155264,IRO1FTIR0001,43 
شصفها,پتروشيمي‌ اصفهان‌,18346219759153870,IRO7PESP0001,44 
غپينو,پارس‌ مينو,18401147983387689,IRO1MINO0001,42 
ثاميد,توسعه و عمران اميد,18568733593280948,IRO1TOOM0001,70 
اميد,تامين سرمايه اميد,18599703143458101,IRO1OMID0001,67 
ثرود,سرمايه‌گذاري مسكن زاينده رود,18883380772506226,IRO3ZNDZ0001,70 
نوري,پتروشيمي نوري,19040514831923530,IRO1NORI0001,44 
خكمك,كمك‌فنرايندامين‌,19257295292088310,IRO1INDM0001,34 
تايرا,تراكتورسازي‌ايران‌,19298748452450329,IRO1TRIR0001,29 
خبازرس,بازرسي مهندسي و صنعتي ايران,19310456400689867,IRO7IEIP0001,71 
وهامون,سرمايه گذاري هامون صبا,19348717261145458,IRO3HAIZ0001,56 
وبصادر2,بانك صادرات ايران,19382635978639373,IRO1BSDR0002,57 
كفپارس,فرآورده‌هاي‌ نسوز پارس‌,19471788163911687,IRO1NSPS0001,54 
وزمين,بانك ايران زمين,19954896371640204,IRO7ZMNP0001,57 
دكيمي,كيميدارو,20024911381434086,IRO1KIMI0001,43 
وسالت2,بانك قرض الحسنه رسالت,20383342576231559,IRO7SALP0002,57 
كنور,توسعه معدني و صنعتي صبانور,20411759370751096,IRO1KNRZ0001,13 
بنيرو,نيروترانس‌,20453828618330936,IRO1NIRO0001,31 
غشهد,شهد ايران ‌,20487994977117557,IRO1SHAD0001,42 
كسرام,پارس‌ سرام‌,20560887114747719,IRO1PSER0001,54 
شپديس,پتروشيمي پرديس,20562694899904339,IRO1PRDZ0001,44 
نيان,نيان الكترونيك,20652241232631918,IRO3NIAZ0001,26 
تاپيكو2,س. نفت و گاز و پتروشيمي تأمين,20716645758210848,IRO1PTAP0002,44 
فاراك,ماشين‌ سازي‌ اراك‌,20865316761157979,IRO1MARK0001,28 
ثتران,سرمايه گذاري مسكن تهران,20926459161497908,IRO3PMTZ0001,70 
فسديد,لوله‌وتجهيزات‌ سديد - ورشكسته,20966291817819448,IRO7LSDP0001,27 
سغدير,توسعه سرمايه و صنعت غدير,21096748051392414,IRO3GHIZ0001,53 
غنيلي,مجتمع توليدي نيلي صنعت كرمان,21426277483799140,IRO5NSKS0001,42 
حآفرين,ريل پرداز نو آفرين,21432551703060846,IRO3RPAZ0001,60 
شغدير,پتروشيمي غدير,21772258644715569,IRO1PGDR0001,44 
بموتو,موتوژن‌,22086876724551482,IRO1MOTJ0001,31 
وپست,پست بانك ايران,22087269603540841,IRO1BPST0001,57 
درازك,دارويي‌ رازك‌,22255783119783047,IRO1DRZK0001,43 
استقلال,استقلال,22259718159702272,IRO7ESLP0001,93 
حتوكا,حمل‌ونقل‌توكا,22260326095996531,IRO1HTOK0001,60 
كوثر,بيمه كوثر,22275596386264204,IRO3BKSZ0001,66 
تفارس,تامين سرمايه خليج فارس,22276798221643766,IRO7PGOP0001,67 
غگل,گلوكوزان‌,22299894048845903,IRO1GCOZ0001,42 
تپولا,مهندسي مرآت پولاد,22308305646551497,IRO7TPOP0001,74 
بكام,كارخانجات توليدي شهيد قندي,22382156782768756,IRO1KGND0001,31 
فافق,صنايع مس افق كرمان,22424135367941584,IRO7OKCZ0001,27 
تمحركه,ماشين سازي نيرو محركه,22427604495160869,IRO7NMTP0001,29 
وآوا,سرمايه گذاري آوا نوين,22490169030401337,IRO3ANIZ0001,56 
تاپيكو,س. نفت و گاز و پتروشيمي تأمين,22560050433388046,IRO1PTAP0001,44 
شبهرن,نفت‌ بهران‌,22667016906590506,IRO1NBEH0001,23 
اخابر,مخابرات ايران,22811176775480091,IRO1MKBT0001,64 
ختراك,ريخته‌گري‌ تراكتورسازي‌ ايران‌,22903901709044823,IRO1RTIR0001,34 
كپرور,فرآوري زغال سنگ پروده طبس,22941065011246116,IRO3TBSZ0001,10 
نتوس,پشم‌ بافي‌ توس,22950683624908253,IRO7PTOP0001,17 
خودكفا,اقتصادي و خودكفايي آزادگان,22956708386610464,IRO7KHDP0001,42 
خفولا,خدمات فني فولاد يزد,23049019886587905,IRO7KHEP0001,74 
ولغدر,ليزينگ‌خودروغدير,23086515493897579,IRO1LKGH0001,58 
وسالت,بانك قرض الحسنه رسالت,23175320865252772,IRO7SALP0001,57 
وتوكا2,سرمايه‌گذاري‌توكافولاد(هلدينگ,23207524474363613,IRO1TOKA0002,27 
پكرمان,گروه‌ صنعتي‌ بارز,23214828924506640,IRO1BARZ0001,25 
جوين,كشت و صنعت جوين,23269285154135003,IRO7JAIP0001,01 
تاصيكو,سرمايه گذاري صدرتامين,23293437377896568,IRO1SADR0001,13 
دكوثر,داروسازي‌ كوثر,23353689102956991,IRO1DKSR0001,43 
كتوسعه,توسعه صنايع و معادن كوثر,23374429962331387,IRO3KOMZ0001,14 
پارسان,گسترش نفت و گاز پارسيان,23441366113375722,IRO1PASN0001,44 
قچار,فراوردههاي غذايي وقند چهارمحال,23600798892801694,IRO3CHRZ0001,38 
كفرا,فراورده‌ هاي‌ نسوزايران‌,23837844039713715,IRO1NASI0001,54 
بايكا,كارخانجات كابلسازي ‌ايران‌,23891830829322971,IRO7KBLP0001,31 
چافست,افست‌,23936607891892333,IRO1OFST0001,22 
پدرخش,درخشان‌ تهران‌,24079409192818584,IRO1DRKH0001,25 
كترام,توليدي‌ كاشي‌ تكسرام‌,24085906177899789,IRO1TKSM0001,49 
وآرين,شركت توسعه اقتصادي آرين,24212636157410845,IRO7ARNP0001,56 
چكاوه,صنايع‌كاغذسازي‌كاوه‌,24254843881948059,IRO1KSKA0001,21 
غالبر,لبنيات‌ كالبر,24303422207378456,IRO1KLBR0001,42 
وملل,اعتباري ملل,24644999329120295,IRO3ASKZ0001,57 
تاصيكو2,سرمايه گذاري صدرتامين,24651304184097917,IRO1SADR0002,13 
وسنا,سرمايه گذاري نيروگاهي ايران,24662567615903665,IRO7SNAP0001,56 
وپويا,سرمايه گذاري پويا,24785665268004766,IRO3PIVZ0001,56 
سباقر,سيمان باقران,24807173016704795,IRO7CBBP0001,53 
كساوه,صنايع‌ كاشي‌ و سراميك‌ سينا,25001509088465005,IRO1SINA0001,49 
مرقام,ايران ارقام,25020657188512139,IRO7IAGM0001,72 
زدشت,كشت و صنعت دشت خرم دره,25180702353416009,IRO3DKHZ0001,01 
خپارس,پارس خودرو,25211433301660888,IRO7PKOD0001,34 
وهور,مديريت انرژي اميد  تابان هور,25215182208950217,IRO3HORZ0001,40 
فارس,صنايع پتروشيمي خليج فارس,25244329144808274,IRO1PKLJ0001,44 
فلامي,لاميران‌,25286509736208688,IRO1LAMI0001,28 
ونيكي,سرمايه‌گذاري‌ ملي‌ايران‌,25336820825905643,IRO1NIKI0001,39 
تنوين,تامين سرمايه نوين,25357135030606405,IRO1TNOV0001,67 
ساروج,بين المللي ساروج بوشهر,25417476013479486,IRO3SRBZ0001,53 
وساخت,سرمايه‌ گذاري‌ ساختمان‌ايران‌,25514780181345713,IRO1SAKH0001,70 
كهرام,توليدي گرانيت بهسرام,25631699615003698,IRO7BEGP0001,49 
وغدير,سرمايه‌گذاري‌غدير(هلدينگ‌,26014913469567886,IRO1GDIR0001,39 
شليا,شركت مواد ويژه ليا,26025177574491991,IRO7LIAZ0001,54 
زشگزا,شير و گوشت زاگرس شهركرد,26259366519412975,IRO3ZMMZ0001,01 
پي پاد,پرداخت الكترونيك پاسارگاد,26316376625263940,IRO1PYPD0001,72 
ميهن,بيمه ميهن,26543014712914772,IRO3MIHZ0001,66 
زشريف,كشت وصنعت شريف آباد,26547785441834730,IRO3SAAZ0001,01 
خبهمن,گروه‌بهمن‌,26824673819862694,IRO1BHMN0001,34 
باران,بيمه زندگي باران,26882843763780650,IRO7BLIP0001,66 
سشرق,سيمان‌ شرق‌,26997316501080743,IRO1SSHR0001,53 
سدشت,صنايع سيمان دشتستان,27000326841257664,IRO1SDST0001,53 
جم پيلن,پلي پروپيلن جم - جم پيلن,27096851668435724,IRO1JPPC0001,44 
وفتخار,سرمايه گذاري افتخار سهام,27148572013604038,IRO7EFSP0001,56 
سدور,سيمان‌ دورود,27218386411183410,IRO1SDOR0001,53 
داراب,پتروشيمي داراب,27299841173245405,IRO7PDRP0001,44 
شكربن,كربن‌ ايران‌,27308217070238237,IRO1CRBN0001,44 
اتكام,بيمه اتكايي امين,27405735172634593,IRO1ETKA0001,66 
سپرمي,پرميت‌,27668158733246204,IRO7PRMP0001,54 
مبين,مبين انرژي خليج فارس,27922860956133067,IRO1MOBN0001,40 
ركيش,كارت اعتباري ايران كيش,27952969918967492,IRO1RKSH0001,72 
خفنر,فنرسازي‌خاور,28033133021443774,IRO1KFAN0001,34 
فغدير,آهن و فولاد غدير ايرانيان,28147934478934110,IRO3GIRZ0001,27 
قجام,فرآوردههاي غذايي وقندتربت‌جام‌,28230238564334914,IRO7GTOP0001,38 
شمواد,توليد مواداوليه الياف مصنوعي,28251956446987982,IRO7MFMP0001,44 
حخزر,كشتيراني درياي خزر,28253678449273505,IRO3KHZZ0001,61 
كزغال,زغال سنگ پروده طبس,28291104595448527,IRO3TPCZ0001,10 
وبصادر,بانك صادرات ايران,28320293733348826,IRO1BSDR0001,57 
كساپا,سايپاشيشه‌,28325731560106431,IRO1SISH0001,54 
سجام,مجتمع سيمان غرب آسيا,28328083629154916,IRO3SASP0001,53 
وبوعلي,سرمايه‌گذاري‌بوعلي‌,28328710198554144,IRO1BALI0001,56 
كاسپين,داروسازي كاسپين تامين,28431095903407567,IRO3KSPZ0001,43 
سيمرغ,سيمرغ,28450080638096732,IRO1SMRG0001,01 
غسالم,سالمين‌,28672095850798501,IRO1SLMN0001,42 
حفاري,حفاري شمال,28809886765682162,IRO1HSHM0001,11 
شپلي,پلي اكريل ايران,28845264556937486,IRO7POIP0001,44 
ثزاگرس,سرمايه گذاري توسعه عمران زاگرس,28854105556435129,IRO7CZGP0001,70 
فخوز,فولاد  خوزستان,28864540805361867,IRO1FKHZ0001,27 
چكاپا,گروه صنايع كاغذ پارس,28957320033282870,IRO1KAPA0011,21 
كسعدي,كاشي‌ سعدي‌,29122854902865456,IRO1KSAD0001,49 
دلقما,دارويي‌ لقمان‌,29247915161590165,IRO1DLGM0001,43 
پلوله,گازلوله‌,29316948750916349,IRO7GAZP0001,25 
سپيدار,سپيدار سيستم آسيا,29590002988360984,IRO3SSYZ0001,72 
سهرمز,سيمان‌هرمزگان‌,29747059672582491,IRO1SHZG0001,53 
تيپيكو,سرمايه گذاري دارويي تامين,29758477602878557,IRO1DTIP0001,43 
چكاپا2,گروه صنايع كاغذ پارس,29816505887910059,IRO1KAPA0012,21 
ما,بيمه  ما,29860265627578401,IRO1BVMA0001,66 
بزاگرس,نيروگاه زاگرس كوثر,29882244560576007,IRO3ZKPZ0001,40 
فروي,ذوب روي اصفهان,29974853866926823,IRO3IZSZ0001,27 
نمرينو,ايران‌ مرينوس‌,30231789123900526,IRO1MRIN0001,17 
حرهشا,رهشاد سپاهان (سهامي عام,30443839313522574,IRO7RAHP0001,60 
ثجوان,تامين مسكن جوانان,30507152381699953,IRO7SJVP0001,70 
لبوتان,گروه‌صنعتي‌بوتان‌,30650426998863332,IRO1BOTA0001,29 
كگهر,سنگ آهن گهرزمين,30703140537034664,IRO3GZIZ0001,13 
تكمبا,كمباين‌ سازي‌ ايران‌,30719054967088301,IRO1COMB0001,29 
فجام,جام‌دارو,30765727085936322,IRO1JAMD0001,28 
ثفارس,عمران‌وتوسعه‌فارس‌,30852391633490755,IRO1OFRS0001,70 
شسينا,صنايع‌شيميايي‌سينا,30974710508383145,IRO1SHSI0001,44 
غگرجي,بيسكويت‌  گرجي‌,31024260997481994,IRO1GORJ0001,42 
شتهران,داروسازي تهران شيمي,31049085025064185,IRO7THSP0001,43 
ولشرق,ليزينگ ايران و شرق,31078457170311964,IRO3ISLZ0001,58 
غشان,شيرپاستوريزه‌پگاه‌خراسان‌,31791737198597563,IRO1SPKH0001,42 
خوساز,محورسازان‌ايران‌خودرو,31879190587976736,IRO1MESI0001,34 
ولقمان,سرمايه گذاري لقمان,31959715133485440,IRO7LOIP0001,56 
كحافظ,كاشي‌ وسراميك‌ حافظ‌,32257753560585502,IRO1KHFZ0001,49 
ساوه,سيمان ساوه,32347247706508046,IRO3SACZ0001,53 
جم,پتروشيمي جم,32357363984168442,IRO1PJMZ0001,44 
سبهان,سيمان‌ بهبهان‌,32525655729432562,IRO1SBHN0001,53 
كلوند,كاشي‌ الوند,32678431934327184,IRO1ALVN0001,49 
پيزد,مجتمع صنايع لاستيك يزد,32784604551756178,IRO3YZTZ0001,25 
خزر,فنرسازي‌زر,32821908911812078,IRO1FNAR0001,34 
ثنوسا,نوسازي‌وساختمان‌تهران‌,32845891587040106,IRO1NSTH0001,70 
فزر2,پويا زركان آق دره,32855449879157103,IRO3PZAZ0002,13 
وپارس,بانك‌پارسيان‌,33293588228706998,IRO1BPAR0001,57 
دجابر,داروسازي‌ جابرابن‌حيان‌,33406621820337161,IRO1DJBR0001,43 
رفاه,فروشگاه هاي زنجيره اي رفاه,33410001534682920,IRO7REFP0001,47 
زپارس,ملي كشت و صنعت و دامپروري پارس,33420285433308219,IRO1ZPRS0001,01 
ميدكو,توسعه معادن وص.معدني خاورميانه,33441514568901717,IRO1MDKO0001,27 
واتي,سرمايه‌ گذاري‌ آتيه‌ دماوند,33541897671561960,IRO1ATDM0001,56 
دشيمي,شيمي‌ داروئي‌ داروپخش‌,33603212156438463,IRO1DDPK0001,43 
غشهداب,كشت و صنعت شهداب ناب خراسان,33611155027418901,IRO3SHHZ0001,42 
بجهرم,توسعه مولد نيروگاهي جهرم,33629260529503413,IRO3JPPZ0001,40 
خچرخش,چرخشگر,33783140337377394,IRO1CHAR0001,34 
سمازن,سيمان‌مازندران‌,33808206014018431,IRO1SMAZ0001,53 
رنيك,جنرال مكانيك,33854964748757477,IRO3GEMZ0001,74 
ونوين2,بانك‌اقتصادنوين‌,33892797747624170,IRO1NOVN0002,57 
ونفت,سرمايه‌گذاري‌ صنعت‌ نفت‌,33931218652865616,IRO1NAFT0001,23 
غپاك,لبنيات‌ پاك‌,34032872653290886,IRO1LPAK0001,42 
عاليس,بهار رز عاليس چناران,34213522001938649,IRO3ALSZ0001,42 
قاسم,قاسم ايران,34540569618314880,IRO3GASZ0001,47 
بركت,گروه دارويي بركت,34557241988629814,IRO1BRKT0001,43 
ولتجار,واسپاري تجارت وسرمايه ايرانيان,34621618468546063,IRO7GSIP0001,58 
دتماد,توليدمواداوليه‌داروپخش‌,34641719089573667,IRO1TMVD0001,43 
فاما,صنعتي‌ آما,34673681828119297,IRO1SAMA0001,28 
سفاسي,شركت فارسيت اهواز,34721884030854211,IRO7SFSP0001,54 
ساربيل,سيمان آرتا اردبيل,34890845654517313,IRO1SADB0001,53 
غاذر,كشت‌وصنعت‌پياذر,35158826900216508,IRO1PIAZ0001,42 
شپاس,نفت پاسارگاد,35178706978554988,IRO3NPSZ0001,23 
اردستان,سيمان اردستان,35331248532537562,IRO1ARDS0001,53 
شبندر,پالايش نفت بندرعباس,35366681030756042,IRO1PNBA0001,23 
حفارس,حمل و نقل بين المللي خليج فارس,35424116338766901,IRO1HFRS0001,60 
فملي,ملي‌ صنايع‌ مس‌ ايران‌,35425587644337450,IRO1MSMI0001,27 
فماك,ماداكتو استيل كرد,35445515321658835,IRO5MSCS0001,27 
قتربت,قند تربت حيدريه,35515916857426389,IRO7TSUP0001,38 
تاتمس,كارخانجات صنعتي وتوليدي اتمسفر,35543935713999309,IRO7ATMP0001,29 
سپاها,سيمان‌سپاهان‌,35669480110084448,IRO1SSEP0001,53 
كگل,معدني و صنعتي گل گهر,35700344742885862,IRO1GOLG0001,13 
شيران,س. صنايع‌شيميايي‌ايران,35796086458096255,IRO1SSIN0001,44 
سرچشمه,سرمايه گذاري مس سرچشمه,35948133957468680,IRO3SARZ0001,56 
قشكر,شكرشاهرود,35964395659427029,IRO1SHKR0001,38 
وفردا,بيمه هوشمند فردا 50% تاديه,36235343945196457,IRO7HFIZ0001,66 
والماس,س. الماس حكمت ايرانيان,36282416082320053,IRO3AHIZ0001,56 
قشرين,قند شيرين خراسان,36671655475498480,IRO7SSUP0001,38 
اعتلا,شركت سرمايه گذاري اعتلاء البرز,36773155987365094,IRO3ETLZ0001,56 
زفجر,كشاورزي و دامپروري فجر اصفهان,36844527173896115,IRO3FAHZ0001,01 
شفا,سرمايه گذاري شفادارو,36899214178084525,IRO1SHFA0001,43 
سنوين,سرمايه گذاري اقتصاد نوين,36995197800118822,IRO7IENP0001,56 
خبنيان,بنيان ديزل,37089148943784077,IRO7BDZP0001,34 
وپخش2,داروپخش‌ (هلدينگ‌,37168884540137152,IRO1DARO0002,43 
وصندوق,سرمايه‌گذاري‌صندوق‌بازنشستگي‌,37204371816016200,IRO1SAND0001,39 
سيدكو,سرمايه گذاري توسعه صنايع سيمان,37281199178613855,IRO1CIDC0001,53 
فسبزوار,پارس فولاد سبزوار,37284308569715577,IRO1FSBZ0001,27 
توريل,توكاريل,37389789764168256,IRO3TORZ0001,60 
وساپا,سرمايه‌گذاري‌ سايپا,37614886280396031,IRO1SSAP0001,56 
قشهد,شهد,37631109616997982,IRO1GHND0001,38 
آبادا,توليد نيروي برق آبادان,37661500521100963,IRO1NBAB0001,40 
غويتا,ويتانا,37842793167868642,IRO3VITZ0001,42 
خديزل,بهمن  ديزل,38084304113529336,IRO3DZLZ0001,34 
سامان,بانك سامان,38179358042686391,IRO7BSAP0001,57 
كرماشا,صنايع پتروشيمي كرمانشاه,38437201078089290,IRO1PKER0001,44 
فاذر,صنايع‌ آذرآب‌,38547060135156069,IRO1AZAB0001,28 
شتوكا,توكا رنگ فولاد سپاهان,38555056423456635,IRO3TPSZ0001,44 
شيراز,پتروشيمي‌شيراز,38568786927478796,IRO1PSHZ0001,44 
آرمان,بيمه آرمان,38738476064699383,IRO7ARMP0001,66 
شلعاب,لعابيران‌,39116664428676213,IRO1LEAB0001,44 
خمحركه,نيرو محركه‌,39436183727126211,IRO1NMOH0001,34 
نيرو,نيرو سرمايه,39481233087768672,IRO7NIRP0001,31 
قرن,پديده شيمي قرن,39610074039667804,IRO1GARN0001,44 
اتكاي,بيمه اتكايي ايرانيان,39751275523025334,IRO3ETKZ0001,66 
بمپنا,توليد برق عسلويه  مپنا,39807886630843041,IRO3BMAZ0001,40 
كيمياتك,آريان كيميا تك,39884565732277052,IRO1KTEK0001,44 
شرنگي,شيميايي رنگين,40025799067544201,IRO7SHEP0001,44 
وثخوز,سرمايه گذاري و توسعه خوزستان,40043919653526083,IRO7CKHP0001,70 
دروز,داروسازي‌ روزدارو,40262275031537922,IRO1ROZD0001,43 
قصفها,قنداصفهان‌,40411537531154482,IRO1GESF0001,38 
رانفور,خدمات‌انفورماتيك‌,40505767672724777,IRO1INFO0001,72 
وكغدير,بين المللي توسعه ص. معادن غدير,40553302624764543,IRO1TMGD0001,39 
شدوص,دوده‌ صنعتي‌ پارس‌,40611478183231802,IRO1DODE0001,44 
ثاژن,سخت آژند,40650252484299134,IRO7SJAP0001,70 
فولاژ,فولاد آلياژي ايران,40808043719554948,IRO1FAIR0001,27 
رتاپ,تجارت الكترونيك  پارسيان,41048299027409941,IRO1EPRS0001,72 
چخزر,صنايع چوب خزر كاسپين,41122066907413786,IRO3CAWZ0001,20 
سفار,سيمان‌فارس‌,41227201752535311,IRO1SFRS0001,53 
سهگمت,سيمان‌هگمتان‌,41284516796232939,IRO1SHGN0001,53 
فجر,فولاد اميركبيركاشان,41302553376174581,IRO1FAJR0001,27 
بساما,بيمه سامان,41625340598198551,IRO3BSMZ0001,66 
وسديد,گروه ‌صنعتي‌سديد,41713045190742691,IRO7SDIP0001,27 
تليسه,دامداري تليسه نمونه,41781090739318251,IRO3TLIZ0001,01 
وملي,گروه‌ صنعتي‌ ملي‌ (هلدينگ‌,41796741644273824,IRO1GMEL0001,19 
پتاير,ايران‌ تاير,41935584690956944,IRO1TAIR0001,25 
سخوز,سيمان خوزستان,41974758296041288,IRO1KHOC0001,53 
كورز,ورزيران‌,42049553761321495,IRO7VARP0001,54 
خاذين,سايپاآذين‌,42075223783409640,IRO1AZIN0001,34 
كچاد2,معدني‌وصنعتي‌چادرملو,42129223512645122,IRO1CHML0002,13 
خكمك2,كمك‌فنرايندامين‌,42226351095524607,IRO1INDM0002,34 
رفاه2,فروشگاه هاي زنجيره اي رفاه,42240120631712257,IRO7REFP0002,47 
غبشهر,صنعتي‌ بهشهر,42387718866026650,IRO1SBEH0001,42 
غناب,روغن‌ نباتي‌ ناب,42470251469508137,IRO7RNAP0001,42 
زكوثر,سرمايه گذاري كشاورزي كوثر,42599305106713939,IRO1KOSR0001,01 
كشرق,صنعتي و معدني شمال شرق شاهرود,42690477960659940,IRO3KSGZ0001,10 
كصدف,كاشي صدف سرام استقلال آباده,42696242981550091,IRO7KSDP0001,49 
چنوپا,نيوپان‌ 22 بهمن‌,43023243844297350,IRO7NEOP0001,20 
تپمپي,پمپ‌ سازي‌ ايران‌,43062880954780884,IRO1PIRN0001,29 
كبافق,معادن‌ بافق‌,43256212620530446,IRO1BAFG0001,13 
وسبحان,سرمايه گذاري سبحان,43283802997035462,IRO3SOBZ0001,56 
وسرمد,بيمه  سرمد,43291783149314349,IRO7SRMP0001,66 
قمرو,قند مرودشت‌,43342306308122676,IRO1GMRO0001,38 
هاي وب,داده گسترعصرنوين-هاي وب,43362635835198978,IRO1HWEB0001,73 
كوير,توليدي فولاد سپيد فراب كوير,43545527030854340,IRO1KVIR0001,27 
خراسان,پتروشيمي خراسان,43552974795606067,IRO1KRSN0001,44 
دسبحا,گروه دارويي سبحان,43622578471330344,IRO1DSOB0001,43 
فزرين,زرين معدن آسيا,43716452378323683,IRO3KZIZ0001,27 
شفارس,صنايع‌ شيميايي‌ فارس‌,43781018754867729,IRO1SHFS0001,44 
سمايه,بانك سرمايه,43913530989262989,IRO7IBKZ0001,57 
وگستر,گسترش سرمايه گذاري ايرانيان,43951910415124966,IRO3IRNZ0001,56 
ودي,بيمه  دي,43966385447049549,IRO3BMDZ0001,66 
شرانل,نفت ايرانول,44013656953678055,IRO3NOLZ0001,23 
پشاهن,توليدي پلاستيك‌ شاهين,44052047028305231,IRO7SHIP0001,25 
شگل,گلتاش‌,44153164692325703,IRO1GTSH0001,44 
فاهواز,نورد و لوله اهواز,44296315953738727,IRO7FAHP0001,27 
كالا,بورس كالاي ايران,44549439964296944,IRO1KALA0001,67 
حآسا,آسيا سير ارس,44625249840480397,IRO3ASAZ0001,60 
گكيش,توريستي ورفاهي آبادگران كيش,44665761767777759,IRO7TRKP0001,55 
دي,بانك دي,44818950263583523,IRO3BDYZ0001,57 
فروسيل,فروسيليسيم خمين,44846320603450383,IRO3FERZ0001,27 
غچين,كشت‌ و صنعت‌ چين‌ چين,44850033148208596,IRO1CHCH0001,42 
خساپا,سايپا,44891482026867833,IRO1SIPA0001,34 
قثابت,قند ثابت‌ خراسان‌,44967158778304588,IRO1GSBE0001,38 
وثنو,سرمايه گذاري ساختماني نوين,44986797317463049,IRO7SNOP0001,56 
وسينا,بانك سينا,45050389997905274,IRO1VSIN0001,57 
تفيرو,مهندسي فيروزا,45062188442385800,IRO7FROP0001,29 
ثنظام,س. ساختماني نظام مهندسي ايران,45066064863062755,IRO7NZMP0001,70 
ولساپا,ليزينگ رايان‌ سايپا,45174198424472334,IRO1RSAP0001,58 
صبا,سرمايه گذاري صبا تامين,45392752356003555,IRO3STIZ0001,56 
فجهان,مجتمع جهان فولاد سيرجان,45507655586782998,IRO3SJSZ0001,27 
غپآذر,شير پگاه آذربايجان شرقي,45518744711972166,IRO3GHPZ0001,42 
سپيد,سپيد ماكيان,45519261544951819,IRO1SPID0001,01 
كايتا,ايتالران‌,45608932669358493,IRO7ITLP0001,54 
لكما,كارخانجات‌مخابراتي‌ايران‌,45641540066710190,IRO7KMOP0001,32 
اسياتك2,انتقال داده هاي آسياتك,45660552760951521,IRO1ASTC0002,73 
وآفر,سرمايه گذاري ارزش آفرينان,45991797190214892,IRO7AFRP0001,56 
بفجر,فجر انرژي خليج فارس,46178280540110577,IRO1BFJR0001,40 
فولاد,فولاد مباركه اصفهان,46348559193224090,IRO1FOLD0001,27 
سمگا,گروه سرمايه گذاري ميراث فرهنگي,46741025610365786,IRO3IMFZ0001,55 
بترانس,ايران‌ ترانسفو,46752599569017089,IRO1TRNS0001,31 
دقاضي,داروسازي شهيد قاضي,46801030346547943,IRO3GPHP0001,43 
وصنا,گروه‌صنايع‌بهشهرايران‌,46982154647719707,IRO1GBEH0001,56 
ومهان,گروه توسعه مالي مهرآيندگان,47026464823464687,IRO1MEAZ0001,56 
وتوكا,سرمايه‌گذاري‌توكافولاد(هلدينگ,47232550823972469,IRO1TOKA0001,27 
ونوين,بانك‌اقتصادنوين‌,47302318535715632,IRO1NOVN0001,57 
وخاور,بانك خاورميانه,47333458678352378,IRO1BKHZ0001,57 
دسانكو,داروسازي سبحان انكولوژي,47348197320716810,IRO3DSNZ0001,43 
بسويچ,پارس‌سويچ‌,47377315952751604,IRO1SWIC0001,31 
بتهران,بيمه اتكايي تهران رواك50%تاديه,47563321799863211,IRO7THRP0001,66 
ثتوسا,س.توسعه و عمران استان اردبيل,47702059190622416,IRO7CTSP0001,70 
سيستم,همكاران سيستم,47749661205825616,IRO1SYSM0001,72 
حگهر,حمل و نقل گهرترابر سيرجان,47756003257788498,IRO3GTTZ0001,60 
بازرگام,پست پيشگامان بادپا,47797676603278665,IRO7BZGP0001,73 
واعتبار,سرمايه گذاري اعتبار ايران,47841327496247362,IRO1IDOC0001,56 
وكار,بانك‌ كارآفرين‌,47996917271187218,IRO1KRAF0001,57 
وبانك,سرمايه گذاري گروه توسعه ملي,48010225447410247,IRO1BANK0001,39 
ولپارس,ليزينگ پارسيان,48241092863917835,IRO1LPRS0001,58 
بمولد,مولد نيروگاهي تجارت فارس,48261930411425125,IRO3FTJZ0001,40 
ولبهمن,شركت بهمن ليزينگ,48287670503317419,IRO3BHLZ0001,58 
وتوسكا,سرمايه گذاري توسعه توكا,48457557221009333,IRO7TDIP0001,56 
دانا,بيمه دانا,48511238766369097,IRO1BDAN0001,66 
غنوش,نوش‌ مازندران‌,48619517949257749,IRO1NOSH0001,42 
فلوله,لوله‌وماشين‌سازي‌ايران‌,48623320733330408,IRO1LMIR0001,27 
شبريز,پالايش نفت تبريز,48753732042176709,IRO1PNTB0001,23 
خگستر,گسترش‌سرمايه‌گذاري‌ايران‌خودرو,48990026850202503,IRO1GOST0001,34 
دعبيد,لابراتوارداروسازي‌  دكترعبيدي‌,49054891736433700,IRO1ABDI0001,43 
نشار,كارخانجات پشمبافي افشار يزد,49129081625829210,IRO7KPAP0001,17 
شسپا,نفت سپاهان,49188729526980541,IRO1SEPP0001,23 
خاور,ايران خودرو ديزل,49270349234092953,IRO3IKDP0001,34 
كاذر,فرآورده‌هاي‌نسوزآذر,49353447565507376,IRO1NSAZ0001,54 
فبيرا,بسته‌ بندي‌ ايران‌,49399017998386087,IRO7BIRP0001,28 
افق,فروشگاههاي زنجيره اي افق كوروش,49502666250908008,IRO1OFOG0001,47 
كفرآور,فرآورده هاي سيمان شرق,49627523909849331,IRO7KFRP0001,54 
انرژي,بورس انرژي ايران,49641108336531623,IRO1BENC0001,67 
جهرم,پتروشيمي جهرم,49674915481184052,IRO7PJHP0001,44 
رتكو,كنترل ‌خوردگي ‌تكين ‌كوي,49854144784855542,IRO7TKIN0001,74 
كيسون,شركت كيسون,49953653111442595,IRO7KSNP0001,70 
تاپكيش,تجارت الكترونيك پارسيان كيش,50002340308486819,IRO3KPEZ0001,72 
دامين,داروسازي‌ امين‌,50100062518826135,IRO1AMIN0001,43 
خليبل,ماليبل سايپا,50117925085549635,IRO7LIBP0001,34 
ختور,رادياتور ايران‌,50185721305191887,IRO1RADI0001,34 
بوعلي,پتروشيمي بوعلي سينا,50247622569476338,IRO1BONA0001,44 
كمنگنز,معادن‌منگنزايران‌,50341528161302545,IRO1MNGZ0001,13 
لازما,كارخانه هاي صنعتي آزمايش,50368344235826302,IRO7AZMP0001,29 
معيار ,سرمايه گذاري معيار صنعت پارس,50580753680043015,IRO7PSMP0001,56 
حشكوه,دليجان طلايي شكوه پارس,50587892784913370,IRO7DLIP0001,60 
كمرجان,بازرگاني و توليدي مرجان كار,50633804639547462,IRO3MRJZ0001,54 
غيوان,كيوان,50652985928800943,IRO7KIVP0001,42 
كرمان,س. توسعه و عمران استان كرمان,50792786683910016,IRO3KRMZ0001,70 
فرود,فولاد شاهرود,51017863148152520,IRO3SSTZ0001,27 
آسيا,بيمه آسيا,51106317433079213,IRO1ASIA0001,66 
غشوكو,شوكو پارس,51294484197536070,IRO7SPRP0001,42 
تابا,تابان نيرو سپاهان,51459202425114449,IRO7TABP0001,74 
شتران,پالايش نفت تهران,51617145873056483,IRO1PTEH0001,23 
بپاس,بيمه پاسارگاد,51971068201094874,IRO3BIPZ0001,66 
فلوله2,لوله‌وماشين‌سازي‌ايران‌,52142208543308898,IRO1LMIR0002,27 
سغرب,سيمان‌غرب‌,52220424531578944,IRO1SGRB0001,53 
واميد,گروه مديريت سرمايه گذاري اميد,52232388263291380,IRO1OIMC0001,39 
دكپسول,توليد ژلاتين كپسول ايران,52382684379473036,IRO3IGCZ0001,43 
تكنار,مجتمع معادن مس تكنار,52455922800537930,IRO7NARP0001,13 
پلاست,كارخانجات توليدي پلاستيران,52593789542874668,IRO7PLSP0001,25 
افرا,افرانت,52792903131341205,IRO3AFRZ0001,72 
تكاردان,تامين سرمايه كاردان,52932092555708556,IRO1KRDN0001,67 
تبرك,گروه كارخانجات صنعتي تبرك,53204330224889981,IRO3TIGZ0001,42 
حگردش,ريل گردش ايرانيان,53334304751609770,IRO7RGIP0001,60 
مارون,پتروشيمي مارون,53449700212786324,IRO3PMRZ0001,44 
واحصا,احياء صنايع خراسان,53647874954005806,IRO7VHSP0001,56 
وارس,سرمايه گذاري ارس صبا,53686258677793038,IRO7ARSP0001,56 
ثپرديس,سرمايه گذاري مسكن پرديس,53999651992586159,IRO3MPRZ0001,70 
كمينا,شيشه سازي مينا,54263829393913132,IRO7MIGP0001,54 
فسرب,ملي‌ سرب‌وروي‌ ايران‌,54277068923045214,IRO1SORB0001,27 
بتك,كارخانجات كابل سازي‌ تك‌,54369290104873523,IRO7KTAP0001,31 
فروس,فروسيليس‌ ايران‌,54419429862704331,IRO1FRIS0001,27 
زبينا,كشاورزي و دامپروري بينالود,54482686501491508,IRO3BAHZ0001,01 
بنو,بيمه تجارت نو,54493234408301135,IRO3TNIZ0001,66 
تپكو,توليدتجهيزات‌سنگين‌هپكو,54509759694064219,IRO7HPKP0001,29 
وتوشه,سرمايه‌ گذاري‌ پارس‌ توشه‌,54676885047867737,IRO1TSHE0001,29 
گلديرا,صنايع گلديران,54715710303837090,IRO3GOIZ0001,29 
آريا,پليمر آريا ساسول,55127657985997520,IRO3APOZ0001,44 
فن آوا,گروه فن آوا,55201604487356053,IRO7FANP0001,72 
آپ,آسان پرداخت پرشين,55254206302462116,IRO1APPE0001,72 
پرسپوليس,پرسپوليس,55289848471625247,IRO7PSPP0001,93 
فتوسا,توليد و توسعه سرب روي ايرانيان,55373808401388162,IRO3ILZZ0001,27 
شملي,ملي شيمي كشاورز,55862580907068610,IRO3MECZ0001,44 
لسرما,سرما آفرين‌,55897939403232751,IRO1SRMA0001,29 
سخواف,سيمان مجد خواف,55959112038778737,IRO7SEKP0001,53 
كباده,توليد خاك نسوزاستقلال آباده,55979741213594029,IRO7KBDP0001,54 
لخانه,لوازم‌ خانگي‌ پارس‌,56006915451245411,IRO7LKPP0001,29 
فنورد,نوردوقطعات‌ فولادي‌,56324206651661881,IRO1NGFO0001,27 
فسوژ,سوژميران,56375665074210467,IRO3SOJZ0001,27 
شلرد,كود شيميايي اوره لردگان,56429431740318486,IRO7SHLP0001,44 
دفارا,داروسازي‌ فارابي‌,56550776668133562,IRO1DFRB0001,43 
شكبير,پتروشيمي اميركبير,56574323121551263,IRO7PKBP0001,44 
وسين,بيمه سينا,56591881518499520,IRO7VSNP0001,66 
وكادو,تكادو,56717416662584054,IRO7TKDP0001,56 
حاريا,كشتيراني آريا,56798822689379375,IRO7ARAP0001,61 
وليز,ليزينگ ايران,56802926348928053,IRO7LZIN0001,58 
قلرست,قند لرستان‌,56820995669577571,IRO1GLOR0001,38 
كرازي,كارخانجات‌توليدي‌شيشه‌رازي‌,57086055330734195,IRO1TSRZ0001,54 
خموتور,موتورسازان‌تراكتورسازي‌ايران‌,57273529732791251,IRO1MSTI0001,34 
غگيلا,شيرپاستوريزه پگاه گيلان,57300230097485720,IRO3PEGZ0001,42 
وصنعت,سرمايه گذاري توسعه صنعت وتجارت,57309221039930244,IRO1SNMA0001,56 
غگز,گز سكه,57551382352708199,IRO5GSKS0001,42 
وجامي,سرمايه گذاري جامي,57600064931636077,IRO7JMIP0001,56 
كپشير,پشم‌شيشه‌ايران‌,57639364758870873,IRO1PSIR0001,54 
پلاسك,پلاسكوكار,57722642338781674,IRO1PLKK0001,25 
فنوال,نورد آلومينيوم‌,57875847776839336,IRO1NALM0001,27 
والبر,سرمايه‌ گذاري‌ البرز(هلدينگ‌,57944184894703821,IRO1ALBZ0001,43 
سمتاز,سيمان ممتازان كرمان,58035444268544991,IRO7CMKP0001,53 
خكرمان,سرمايه گذاري آرمان گستر پاريز,58482817740704549,IRO3KKHP0001,34 
شكف,كف,58602432837130018,IRO7KAFP0001,44 
فرابورس,فرابورس ايران,58741071099161284,IRO3FRBZ0001,67 
كايزد,فرانسوز يزد,58810336532668771,IRO3YAFZ0001,54 
امين,تامين سرمايه امين,58873907630765023,IRO1TSAN0001,67 
ومعادن,توسعه‌معادن‌وفلزات‌,58931793851445922,IRO1MADN0001,13 
لوتوس,تامين سرمايه لوتوس پارسيان,59142194115401696,IRO1LTOS0001,67 
ارفع,شركت آهن و فولاد ارفع,59266699437480384,IRO3ARFZ0001,27 
فنفت,صنايع تجهيزات نفت,59342912854668427,IRO7PEIZ0001,27 
غمايه,شركت خميرمايه رضوي,59461185672081215,IRO3RAVZ0001,42 
گنگين,اقتصادي نگين گردشگري ايرانيان,59470107928175959,IRO7NITP0001,55 
وپترو,سرمايه‌گذاري صنايع پتروشيمي‌,59486059679335017,IRO1PETR0001,44 
پرداخت,به پرداخت ملت,59607545337891226,IRO1PRKT0001,72 
آباد,توريستي ورفاهي آبادگران ايران,59612098290740355,IRO1ABAD0001,55 
وثوق,سرمايه گذاري وثوق امين,59839275647597021,IRO7VOSP0001,56 
گپارس,امور رفاهي كارگزاران پارس,59848307608894801,IRO7PBRP0001,55 
نوين,بيمه نوين,59866041653103343,IRO3BNOP0001,66 
ورازي,بيمه رازي,60079434631497942,IRO7RZIP0001,66 
تماوند,تامين سرمايه دماوند,60162288821230099,IRO3DIBZ0001,67 
شاوان,پالايش نفت لاوان,60247433951600827,IRO3PNLZ0001,23 
بهير,س. توسعه تجارت هيرمند,60289595205403229,IRO7HIRP0001,56 
كاوه,فولاد كاوه جنوب كيش,60350996279289099,IRO1KVEH0001,27 
بورس,بورس اوراق بهادار تهران,60523145697836739,IRO1BORS0001,67 
حكشتي,كشتيراني جمهوري اسلامي ايران,60610861509165508,IRO1KSHJ0001,60 
فلات,گروه صنايع معادن فلات ايرانيان,60633055620418060,IRO7FLTP0001,56 
سقاين,سيمان‌ قائن‌,60654872678917533,IRO1SGEN0001,53 
وهنر,گروه توسعه هنر ايران,60783654574662426,IRO7IADP0001,90 
ثجنوب,سرمايه گذاري مسكن جنوب,60887982279284651,IRO3MSJZ0001,70 
شپارس,بين‌ المللي‌ محصولات‌  پارس‌,61102694810476197,IRO1BMPS0001,44 
وبرق,س.کارکنان صنعت برق زنجان وقزوي,61298636307861167,IRO7SEIP0001,56 
دابور,داروسازي‌ ابوريحان‌,61332057061846617,IRO1DABO0001,43 
ولكار,ليزينگ كارآفرين,61469668095573716,IRO1LKAR0001,58 
وكغدير2,بين المللي توسعه ص. معادن غدير,61497037864214396,IRO1TMGD0002,39 
غشصفا,شيرپاستوريزه‌پگاه‌اصفهان‌,61506294208022391,IRO1SPPE0001,42 
سلار,شركت سيمان لارستان,61664227282090067,IRO7LARP0001,53 
غپونه,نوش پونه مشهد,61978776664766359,IRO3NPMP0001,42 
بكابل,سيم و كابل ابهر,62107151670661969,IRO3ABCZ0001,31 
شكلر,نيروكلر,62177651435283872,IRO1NKOL0001,44 
تكشا,گسترش‌صنايع‌وخدمات‌كشاورزي‌,62258804563636993,IRO1GSKE0001,29 
كگاز,شيشه‌ و گاز,62346804681275278,IRO1SGAZ0001,54 
غكورش,صنعت غذايي كورش,62404730109947970,IRO1KRSH0001,42 
سايرا,ايرانيت‌,62558705479545830,IRO7IRNP0001,54 
ونيرو,سرمايه‌گذاري‌نيرو,62603302940123327,IRO1SNRO0001,40 
پاكشو,گروه صنعتي پاكشو,62786156501584862,IRO1PASH0001,44 
بالبر,كابل‌ البرز,62952165421099192,IRO1KALZ0001,31 
كي بي سي,شركت كي بي سي,62977319271289925,IRO3KBCZ0001,43 
دشيري,شيرين دارو,63084741752814852,IRO7DSHP0001,43 
ثنور,سرمايه گذاري كوه نور,63315013743060811,IRO7NORP0001,70 
لابسا,آبسال‌,63363116407864462,IRO1ASAL0001,29 
قنيشا,قند  نيشابور,63380098535169030,IRO1GNBO0001,38 
كقزوي,شيشه‌ قزوين‌,63499217872110599,IRO7SHQP0001,54 
پاسا,ايران‌ياساتايرورابر,63580313877463104,IRO1YASA0001,25 
حبندر,دريايي و کشتيراني خط دريابندر,63704201144621295,IRO7BNDP0001,60 
اپرداز,آتيه داده پرداز,63830424809501048,IRO3APDZ0001,73 
خشرق,الكتريك‌ خودرو شرق‌,63915926161403347,IRO1KHSH0001,34 
وتجارت,بانك تجارت,63917421733088077,IRO1BTEJ0001,57 
فنرژي,گسترش صنايع انرژي آذرآب,63965059137798192,IRO7FNRP0001,28 
ساذري,آذريت‌,64155926828410021,IRO7AZRP0001,54 
ساينا,صنايع بهداشتي ساينا,64298008532791199,IRO3SYNZ0001,44 
سدبير,س. تدبيرگران فارس وخوزستان,64341992373049080,IRO3DBRZ0001,56 
چفيبر,فيبر ايران‌,64358061873294912,IRO1FIBR0001,20 
فجوش,جوش‌ و اكسيژن‌ ايران‌,64485827086284311,IRO7JSHP0001,28 
بپيوند,برق و انرژي پيوندگستر پارس,64619251116188373,IRO3PGRZ0001,40 
نطرين,عطرين نخ قم,64699417405634265,IRO3ANQZ0001,17 
ثعتما,س. ساختماني اعتماد گستر,64707090254488560,IRO7ETMP0001,70 
خكاوه,سايپا ديزل,64842837716888827,IRO7SDLP0001,34 
غگلستا,شير پاستوريزه پگاه گلستان,64843936383937546,IRO3PGLZ0001,42 
شكربن2,كربن‌ ايران‌,64947825803878760,IRO1CRBN0002,44 
وكبهمن,مديريت سرمايه گذاري كوثربهمن,64973252728260903,IRO3KBIZ0001,56 
فايرا,آلومينيوم‌ايران‌,65004959184388996,IRO1ALIR0001,27 
گوهران,سرمايه گذاري توسعه گوهران اميد,65018804181564924,IRO3GOMZ0001,56 
شفن,پتروشيمي فناوران,65122215875355555,IRO1PFAN0001,44 
سكرد,سيمان كردستان,65321970913593427,IRO1SKOR0001,53 
لخزر,پارس‌ خزر,65414507129586385,IRO1KHAZ0001,29 
شزنگ,تجهيزنيروي‌زنگان‌,65490886290565185,IRO7ZNGP0001,23 
كتوكا,توليدي و خدمات صنايع نسوز توكا,65671173927025645,IRO3TUKZ0001,54 
خودرو,ايران‌ خودرو,65883838195688438,IRO1IKCO0001,34 
مداران,داده‌پردازي‌ايران‌,65999092673039059,IRO1DADE0001,72 
فافزا,فولاد افزا سپاهان,66021783818850713,IRO7FAFP0001,27 
تشتاد,صنايع توليدي اشتاد ايران‌,66127247173352975,IRO7ESHP0001,34 
دماوند,توليد نيروي برق دماوند,66142616039907394,IRO3BDMZ0001,40 
شتولي,تولي‌پرس‌,66210395067138534,IRO7TOPP0001,44 
سبجنو,سيمان‌ بجنورد,66295665969375744,IRO1SBOJ0001,53 
توسن,توسعه سامانه ي نرم افزاري نگين,66315581735594751,IRO3TOSZ0001,72 
ودانا,سرمايه گذاري دانايان,66424163876658304,IRO7DANP0001,56 
ددام,داروسازي زاگرس فارمد پارس,66450490505950110,IRO1DAML0001,43 
ثامان,سامان‌ گستراصفهان‌,66456062140680461,IRO1SGOS0001,70 
فوكا,فولاد كاويان,66514709341259550,IRO7FVAP0001,27 
گكوثر,هتل پارسيان كوثر اصفهان,66599109405217136,IRO3PKHZ0001,55 
تكيميا,تامين سرمايه كيميا,66643284949247248,IRO7KYIZ0001,67 
فاسمين,كالسيمين‌,66701874099226162,IRO1KSIM0001,27 
دتوزيع,توزيع دارو پخش,66726992874614788,IRO3DPDZ0001,43 
فباهنر,مس‌ شهيدباهنر,66772024744156373,IRO1BAHN0001,27 
ولانا,شركت ليزينگ آريا دانا,66830065858417081,IRO7VLNP0001,58 
قپيرا,فرآورده‌هاي‌غدايي‌وقندپيرانشهر,67030488744129337,IRO1GPSH0001,38 
رمپنا,گروه مپنا (سهامي عام),67126881188552864,IRO1MAPN0001,74 
زنگان,صنعت روي زنگان,67170215467608124,IRO3ZAGZ0001,27 
كهمدا,شيشه‌ همدان‌,67206358287598044,IRO1SHMD0001,54 
وامير,گروه صنعتي و معدني امير,67213778593531096,IRO7AIMP0001,13 
سخزر,سيمان‌ خزر,67327029014085707,IRO1SKAZ0001,53 
كماسه,تامين‌ ماسه‌ ريخته‌گري‌,67690708346979840,IRO1TAMI0001,14 
دارو,كارخانجات‌داروپخش‌,67988012428906654,IRO1DPAK0001,43 
وتوس,توسعه‌شهري‌توس‌گستر,68117765376081366,IRO1TGOS0001,70 
شبصير,توليدات پتروشيمي قائد بصير,68517032834363488,IRO3BSRZ0001,44 
همراه,شركت ارتباطات سيار ايران,68635710163497089,IRO1HMRZ0001,64 
ثباغ,شهر سازي و خانه سازي باغميشه,68909035712962732,IRO3BGHZ0001,70 
رافزا,رايان هم افزا,68941822863885255,IRO3RYHZ0001,72 
ديران,ايران‌دارو,69090868458637360,IRO1IRDR0001,43 
پترول,گ.س.وت.ص.پتروشيمي خليج فارس,69143674941561637,IRO1IPTR0001,44 
فن افزار,توسعه فن افزار توسن,69171897374421261,IRO3TOTZ0001,72 
شكام,صنايع شيميايي كيمياگران امروز,69446612239102459,IRO3KICZ0001,44 
بشهاب,لامپ‌  پارس‌ شهاب‌,69454539056549106,IRO1LAPS0001,31 
ددانا,داروسازي دانا,69540585676934415,IRO3DPHZ0001,43 
فروژ,صنايع فروآلياژ ايران,69817338460284329,IRO3IFIZ0001,27 
اوان,مبين وان كيش,69847139870135237,IRO3MOBZ0001,73 
كارام,صنايع سرام آرا,69904617508102874,IRO7CEIP0001,49 
بكاب,صنايع‌جوشكاب‌يزد,70219663893822560,IRO1JOSH0001,31 
البرز,بيمه البرز,70270965300262393,IRO1BALB0001,66 
ختوقا,قطعات‌ اتومبيل‌ ايران‌,70289374539527245,IRO1GHAT0001,34 
فكمند,گسترش قطعه سازي كمند,70309338813767186,IRO7KPMP0001,28 
گشان,توسعه بين المللي پديده شانديز,70391097626818082,IRO7PSDP0001,55 
دپارس,پارس‌ دارو,70474983732269112,IRO1PDRO0001,43 
هرمز,فولاد هرمزگان جنوب,70498485598181604,IRO3FOHZ0001,27 
سآبيك,سيمان آبيك,70883594945615893,IRO1ABIK0001,53 
شخارك,پتروشيمي‌ خارك‌,70934270174405743,IRO1PKHA0001,44 
بگيلان,توسعه مسير برق گيلان,71068313834275501,IRO3GEDZ0001,40 
زقيام,كشت و دام قيام اصفهان,71290297158948749,IRO3GAHZ0001,01 
ذوب,ذوب آهن اصفهان,71483646978964608,IRO1ZOBI0001,27 
دبالك,مواد اوليه دارويي البرز بالك,71510396252618330,IRO3BLKZ0001,43 
قشير,قند شيروان قوچان و بجنورد,71523986304961239,IRO3GHSZ0001,38 
غبهار,كشت وصنعت بهاران گلبهار خراسان,71666521540545716,IRO7GKHP0001,42 
ولصنم,ليزينگ‌صنعت‌ومعدن‌,71744682148776880,IRO1LSMD0001,58 
غصينو,صنعتي مينو,71758511001096824,IRO3MINZ0001,42 
سپ,پرداخت الكترونيك سامان كيش,71856634742001725,IRO1SEPK0001,72 
شپترو,پتروشيمي آبادان,71957984642204570,IRO7APTP0001,44 
پارتا,مجتمع صنعتي آرتاويل تاير,72044846109864381,IRO3ARTZ0001,25 
